{"cameraMode":{"drawMode":0,"name":"Shaded","section":"Shading Mode"},"sceneLighting":true,"audioPlay":false,"sceneViewState":{"showFog":true,"showMaterialUpdate":false,"showSkybox":true,"showFlares":true,"showImageEffects":true,"showParticleSystems":true},"in2DMode":false,"pivot":{"x":14.918153762817383,"y":-13.305765151977539,"z":75.7324447631836},"rotation":{"x":0.2231346219778061,"y":0.43218401074409487,"z":-0.11127664148807526,"w":0.8666329383850098},"size":25.247583389282228,"orthographic":false}