{"cameraMode":{"drawMode":0,"name":"Shaded","section":"Shading Mode"},"sceneLighting":false,"audioPlay":false,"sceneViewState":{"showFog":true,"showMaterialUpdate":false,"showSkybox":false,"showFlares":true,"showImageEffects":true,"showParticleSystems":true},"in2DMode":false,"pivot":{"x":14.1899995803833,"y":0.20000000298023225,"z":3.819999933242798},"rotation":{"x":0.26967138051986697,"y":0.12379470467567444,"z":-0.034981828182935718,"w":0.9543208479881287},"size":1.2464101314544678,"orthographic":false}