{"cameraMode":{"drawMode":0,"name":"Shaded","section":"Shading Mode"},"sceneLighting":false,"audioPlay":false,"sceneViewState":{"showFog":true,"showMaterialUpdate":false,"showSkybox":false,"showFlares":true,"showImageEffects":true,"showParticleSystems":true},"in2DMode":false,"pivot":{"x":6.80442476272583,"y":2.096193313598633,"z":4.84727668762207},"rotation":{"x":0.26967138051986697,"y":0.12379470467567444,"z":-0.034981828182935718,"w":0.9543208479881287},"size":0.9464100003242493,"orthographic":false}