{"cameraMode":{"drawMode":0,"name":"Shaded","section":"Shading Mode"},"sceneLighting":false,"audioPlay":false,"sceneViewState":{"showFog":true,"showMaterialUpdate":false,"showSkybox":false,"showFlares":true,"showImageEffects":true,"showParticleSystems":true},"in2DMode":false,"pivot":{"x":53.14899826049805,"y":0.6710000038146973,"z":36.25699996948242},"rotation":{"x":0.32249847054481509,"y":0.11462626606225968,"z":-0.03937795013189316,"w":0.9387803673744202},"size":0.08660166710615158,"orthographic":false}