{"cameraMode":{"drawMode":0,"name":"Shaded","section":"Shading Mode"},"sceneLighting":false,"audioPlay":false,"sceneViewState":{"showFog":true,"showMaterialUpdate":false,"showSkybox":false,"showFlares":true,"showImageEffects":true,"showParticleSystems":true},"in2DMode":false,"pivot":{"x":53.103477478027347,"y":0.4899517893791199,"z":35.93242645263672},"rotation":{"x":0.32249847054481509,"y":0.11462626606225968,"z":-0.03937795013189316,"w":0.9387803673744202},"size":2.2980761528015138,"orthographic":false}