{"cameraMode":{"drawMode":0,"name":"Shaded","section":"Shading Mode"},"sceneLighting":true,"audioPlay":false,"sceneViewState":{"showFog":true,"showMaterialUpdate":false,"showSkybox":true,"showFlares":true,"showImageEffects":true,"showParticleSystems":true},"in2DMode":false,"pivot":{"x":18.10060691833496,"y":-7.6055426597595219,"z":18.755939483642579},"rotation":{"x":0.12076882272958756,"y":0.8780794143676758,"z":-0.30254071950912478,"w":0.35051339864730837},"size":15.579310417175293,"orthographic":false}